True Label,Predicted Probability,test_file
1,0,39_slip_9aa
1,0,39_slip_9aa
1,1,39_slip_9aa
1,1,39_slip_9aa
1,0,39_slip_9aa
1,1,39_slip_9aa
1,1,39_slip_9aa
1,1,39_slip_9aa
1,0,39_slip_9aa
1,1,39_slip_9aa
1,1,39_slip_9aa
1,1,39_slip_9aa
1,0,39_slip_9aa
1,0,39_slip_9aa
1,1,39_slip_9aa
1,0,39_slip_9aa
1,1,39_slip_9aa
1,1,39_slip_9aa
1,1,39_slip_9aa
1,0,39_slip_9aa
1,1,39_slip_9aa
1,1,39_slip_9aa
1,1,39_slip_9aa
1,1,39_slip_9aa
1,1,39_slip_9aa
1,1,39_slip_9aa
1,1,39_slip_9aa
1,0,39_slip_9aa
1,0,39_slip_9aa
1,0,39_slip_9aa
1,0,39_slip_9aa
1,1,39_slip_9aa
1,1,39_slip_9aa
1,1,39_slip_9aa
1,1,39_slip_9aa
1,1,39_slip_9aa
1,0,39_slip_9aa
1,0,39_slip_9aa
1,1,39_slip_9aa
1,1,39_slip_9aa
1,1,39_slip_9aa
1,1,39_slip_9aa
1,0,39_slip_9aa
1,1,39_slip_9aa
1,1,39_slip_9aa
1,1,39_slip_9aa
1,0,39_slip_9aa
1,1,39_slip_9aa
1,1,39_slip_9aa
1,0,39_slip_9aa
